{
  "results": [
    {
      "gender": "female",
      "name": {
        "title": "Miss",
        "first": "Sumaya",
        "last": "Møller"
      },
      "location": {
        "street": { "number": 1607, "name": "Alfasetveien" },
        "city": "Helle",
        "state": "Nordland",
        "country": "Norway",
        "postcode": "7343",
        "coordinates": {
          "latitude": "39.4930",
          "longitude": "159.8673"
        },
        "timezone": {
          "offset": "-7:00",
          "description": "Mountain Time (US & Canada)"
        }
      },
      "email": "sumaya.moller@example.com",
      "login": {
        "uuid": "e9422047-6850-44b3-9cbc-275438581a65",
        "username": "silvercat527",
        "password": "poncho",
        "salt": "HudsRmvY",
        "md5": "c802940dd4d4f43f37abb8d8cfe464f8",
        "sha1": "b550c98cc76521da3246d5cea9dfb52192e25110",
        "sha256": "afc0676bee27ec004e39e23eded8b17b62ed87df9b0416c572c3b5088a30c675"
      },
      "dob": {
        "date": "1963-07-28T16:56:26.481Z",
        "age": 60
      },
      "registered": {
        "date": "2007-10-24T14:32:40.957Z",
        "age": 16
      },
      "phone": "63506335",
      "cell": "97743708",
      "id": {
        "name": "FN",
        "value": "28076309843"
      },
      "picture": {
        "large": "https://randomuser.me/api/portraits/women/20.jpg",
        "medium": "https://randomuser.me/api/portraits/med/women/20.jpg",
        "thumbnail": "https://randomuser.me/api/portraits/thumb/women/20.jpg"
      },
      "nat": "NO"
    },
    {
      "gender": "female",
      "name": {
        "title": "Ms",
        "first": "Theresa",
        "last": "Smith"
      },
      "location": {
        "street": {
          "number": 2288,
          "name": "Oak Lawn Ave"
        },
        "city": "Warragul",
        "state": "New South Wales",
        "country": "Australia",
        "postcode": 5246,
        "coordinates": {
          "latitude": "8.3137",
          "longitude": "72.8261"
        },
        "timezone": {
          "offset": "+5:45",
          "description": "Kathmandu"
        }
      },
      "email": "theresa.smith@example.com",
      "login": {
        "uuid": "cc65b0cc-c0de-4dcb-b9e2-cea063d1895c",
        "username": "goldenrabbit414",
        "password": "mckenzie",
        "salt": "5NaAm1eF",
        "md5": "36bc2983ac43bec65e84fdccde461e3c",
        "sha1": "39e4eed8944693d13d2bd7575de6b7ed47c270de",
        "sha256": "92a28b1d27965cad0b4527734e5ba5a189ae6fdaff1ff84c6867f921dea1b6ae"
      },
      "dob": {
        "date": "1952-11-12T13:40:29.330Z",
        "age": 71
      },
      "registered": {
        "date": "2007-06-12T03:01:33.886Z",
        "age": 16
      },
      "phone": "00-7040-0156",
      "cell": "0425-746-787",
      "id": {
        "name": "TFN",
        "value": "929825693"
      },
      "picture": {
        "large": "https://randomuser.me/api/portraits/women/65.jpg",
        "medium": "https://randomuser.me/api/portraits/med/women/65.jpg",
        "thumbnail": "https://randomuser.me/api/portraits/thumb/women/65.jpg"
      },
      "nat": "AU"
    },
    {
      "gender": "male",
      "name": {
        "title": "Mr",
        "first": "Roman",
        "last": "Brown"
      },
      "location": {
        "street": {
          "number": 7364,
          "name": "Sherborne Street"
        },
        "city": "Palmerston North",
        "state": "Wellington",
        "country": "New Zealand",
        "postcode": 79677,
        "coordinates": {
          "latitude": "-27.1180",
          "longitude": "-127.8877"
        },
        "timezone": {
          "offset": "0:00",
          "description": "Western Europe Time, London, Lisbon, Casablanca"
        }
      },
      "email": "roman.brown@example.com",
      "login": {
        "uuid": "4a1b0610-29a4-49b7-aceb-f3ee48af58c1",
        "username": "goldengoose820",
        "password": "sanity72",
        "salt": "jbiKOtGk",
        "md5": "728c34a697b024ad7224648a687a3fda",
        "sha1": "22dc4f463650d2df6ca8c80351dcd086a0070451",
        "sha256": "3c4066aeb2f6958842ecb2729d099c6d4bfb0d5191490bc5c603d4dd34988141"
      },
      "dob": {
        "date": "1987-03-05T22:39:03.458Z",
        "age": 36
      },
      "registered": {
        "date": "2017-09-12T07:20:01.613Z",
        "age": 6
      },
      "phone": "(411)-787-0833",
      "cell": "(262)-891-2637",
      "id": {
        "name": "",
        "value": null
      },
      "picture": {
        "large": "https://randomuser.me/api/portraits/men/83.jpg",
        "medium": "https://randomuser.me/api/portraits/med/men/83.jpg",
        "thumbnail": "https://randomuser.me/api/portraits/thumb/men/83.jpg"
      },
      "nat": "NZ"
    },
    {
      "gender": "female",
      "name": {
        "title": "Mrs",
        "first": "Mackenzie",
        "last": "Wright"
      },
      "location": {
        "street": {
          "number": 4868,
          "name": "Victoria Avenue"
        },
        "city": "Whangarei",
        "state": "Canterbury",
        "country": "New Zealand",
        "postcode": 77054,
        "coordinates": {
          "latitude": "65.2652",
          "longitude": "-170.7253"
        },
        "timezone": {
          "offset": "+4:00",
          "description": "Abu Dhabi, Muscat, Baku, Tbilisi"
        }
      },
      "email": "mackenzie.wright@example.com",
      "login": {
        "uuid": "7bc9ec20-29a5-482c-95cb-cd711cec0d54",
        "username": "redcat147",
        "password": "darklord",
        "salt": "AChT0QWs",
        "md5": "ebed3e03a836b25e4bc17f8b322951d6",
        "sha1": "42714dbe93c0f71371b8d0106ba5b204d527bcaf",
        "sha256": "7993a109ee302af22aac0bbbe8fdcd08b923be650dfe158340e090a5c994406b"
      },
      "dob": {
        "date": "1994-09-07T10:41:00.334Z",
        "age": 29
      },
      "registered": {
        "date": "2007-02-02T07:26:06.552Z",
        "age": 17
      },
      "phone": "(322)-253-4624",
      "cell": "(389)-588-3735",
      "id": {
        "name": "",
        "value": null
      },
      "picture": {
        "large": "https://randomuser.me/api/portraits/women/87.jpg",
        "medium": "https://randomuser.me/api/portraits/med/women/87.jpg",
        "thumbnail": "https://randomuser.me/api/portraits/thumb/women/87.jpg"
      },
      "nat": "NZ"
    },
    {
      "gender": "male",
      "name": {
        "title": "Mr",
        "first": "Logan",
        "last": "Winkens"
      },
      "location": {
        "street": {
          "number": 3292,
          "name": "Hoge Maat"
        },
        "city": "Breda",
        "state": "Groningen",
        "country": "Netherlands",
        "postcode": "1101 HI",
        "coordinates": {
          "latitude": "-52.9751",
          "longitude": "36.4743"
        },
        "timezone": {
          "offset": "+3:00",
          "description": "Baghdad, Riyadh, Moscow, St. Petersburg"
        }
      },
      "email": "logan.winkens@example.com",
      "login": {
        "uuid": "4de2395b-ce9f-4997-af2b-672bfbc44a20",
        "username": "angrylion108",
        "password": "vipers",
        "salt": "eFpPxeQb",
        "md5": "29e4b2c3c9630d8aab7ef092d2433ae1",
        "sha1": "1b426b46b00f7f2a2e02355774aaf81edf2b6e99",
        "sha256": "800e94eb67e6cb057c48b838643fb58edcf515b579e8d083b73ddf0ba3691a30"
      },
      "dob": {
        "date": "1949-01-01T10:20:02.816Z",
        "age": 75
      },
      "registered": {
        "date": "2002-10-29T02:42:15.672Z",
        "age": 21
      },
      "phone": "(075) 6311984",
      "cell": "(06) 69586592",
      "id": {
        "name": "BSN",
        "value": "90933771"
      },
      "picture": {
        "large": "https://randomuser.me/api/portraits/men/42.jpg",
        "medium": "https://randomuser.me/api/portraits/med/men/42.jpg",
        "thumbnail": "https://randomuser.me/api/portraits/thumb/men/42.jpg"
      },
      "nat": "NL"
    },
    {
      "gender": "male",
      "name": {
        "title": "Mr",
        "first": "Väinö",
        "last": "Pesola"
      },
      "location": {
        "street": {
          "number": 621,
          "name": "Hatanpään Valtatie"
        },
        "city": "Sulkava",
        "state": "Kainuu",
        "country": "Finland",
        "postcode": 61139,
        "coordinates": {
          "latitude": "68.6791",
          "longitude": "-93.0824"
        },
        "timezone": {
          "offset": "-3:00",
          "description": "Brazil, Buenos Aires, Georgetown"
        }
      },
      "email": "vaino.pesola@example.com",
      "login": {
        "uuid": "e5343857-9375-4df8-9e6c-68b58f85b161",
        "username": "happytiger460",
        "password": "maestro",
        "salt": "tAKR1ahg",
        "md5": "3c7485dc032a2ace5b8ddd9fb37a7c98",
        "sha1": "4203f3ba02d402e1a31b0c912f6bc0ff23b1bca9",
        "sha256": "2c94735870c27a4e6325c11e9f10801f7d76653a107d2d37e98e49174f8f1d88"
      },
      "dob": {
        "date": "1959-06-09T10:49:52.284Z",
        "age": 64
      },
      "registered": {
        "date": "2005-03-29T07:24:27.039Z",
        "age": 18
      },
      "phone": "09-416-536",
      "cell": "044-058-37-42",
      "id": {
        "name": "HETU",
        "value": "NaNNA353undefined"
      },
      "picture": {
        "large": "https://randomuser.me/api/portraits/men/7.jpg",
        "medium": "https://randomuser.me/api/portraits/med/men/7.jpg",
        "thumbnail": "https://randomuser.me/api/portraits/thumb/men/7.jpg"
      },
      "nat": "FI"
    },
    {
      "gender": "female",
      "name": {
        "title": "Mrs",
        "first": "Danica",
        "last": "Šarić"
      },
      "location": {
        "street": {
          "number": 8056,
          "name": "Milice Stojadinović Srpkinje "
        },
        "city": "Arilje",
        "state": "Central Banat",
        "country": "Serbia",
        "postcode": 46969,
        "coordinates": {
          "latitude": "-76.5886",
          "longitude": "1.2944"
        },
        "timezone": {
          "offset": "+11:00",
          "description": "Magadan, Solomon Islands, New Caledonia"
        }
      },
      "email": "danica.saric@example.com",
      "login": {
        "uuid": "4a51a0f0-8010-46c9-a511-fd764433aaf1",
        "username": "purpleostrich414",
        "password": "frisky",
        "salt": "Qicq8L3l",
        "md5": "0fc8a541a8de012b080121869d97a060",
        "sha1": "e88370d9f475fa3eb618e08e343044816a75d718",
        "sha256": "cd9ec27aec44e82595e8a1c23d19f6c7f185bce27d6ca41d6f52cfe0ed1231ee"
      },
      "dob": {
        "date": "1962-09-13T06:36:55.694Z",
        "age": 61
      },
      "registered": {
        "date": "2015-05-29T16:52:54.873Z",
        "age": 8
      },
      "phone": "018-6665-069",
      "cell": "060-0827-690",
      "id": {
        "name": "SID",
        "value": "820443132"
      },
      "picture": {
        "large": "https://randomuser.me/api/portraits/women/65.jpg",
        "medium": "https://randomuser.me/api/portraits/med/women/65.jpg",
        "thumbnail": "https://randomuser.me/api/portraits/thumb/women/65.jpg"
      },
      "nat": "RS"
    },
    {
      "gender": "female",
      "name": {
        "title": "Mrs",
        "first": "Bettina",
        "last": "Ebeling"
      },
      "location": {
        "street": {
          "number": 6287,
          "name": "Amselweg"
        },
        "city": "Großräschen",
        "state": "Mecklenburg-Vorpommern",
        "country": "Germany",
        "postcode": 96513,
        "coordinates": {
          "latitude": "-44.5392",
          "longitude": "39.4032"
        },
        "timezone": {
          "offset": "+4:30",
          "description": "Kabul"
        }
      },
      "email": "bettina.ebeling@example.com",
      "login": {
        "uuid": "f8da9f3e-0f55-4cb3-9212-4563fb502d29",
        "username": "happypanda680",
        "password": "gonzalez",
        "salt": "AXXzBESp",
        "md5": "9a85bdfd179978d4c02079ea16c548c2",
        "sha1": "582fffae6ec87ca9d26d7797639bfe2b42625f34",
        "sha256": "9b1cae57534d6ea1c63d4038a49f193e65a52e4a64a85fe6f682680c280ab793"
      },
      "dob": {
        "date": "1974-05-29T05:01:03.681Z",
        "age": 49
      },
      "registered": {
        "date": "2008-01-01T12:40:19.866Z",
        "age": 16
      },
      "phone": "0812-4993042",
      "cell": "0174-0223604",
      "id": {
        "name": "SVNR",
        "value": "17 290574 E 781"
      },
      "picture": {
        "large": "https://randomuser.me/api/portraits/women/45.jpg",
        "medium": "https://randomuser.me/api/portraits/med/women/45.jpg",
        "thumbnail": "https://randomuser.me/api/portraits/thumb/women/45.jpg"
      },
      "nat": "DE"
    },
    {
      "gender": "female",
      "name": {
        "title": "Miss",
        "first": "Nadia",
        "last": "Güttler"
      },
      "location": {
        "street": {
          "number": 8360,
          "name": "Gartenstraße"
        },
        "city": "Aulendorf",
        "state": "Schleswig-Holstein",
        "country": "Germany",
        "postcode": 31237,
        "coordinates": {
          "latitude": "-33.6740",
          "longitude": "-25.5474"
        },
        "timezone": {
          "offset": "+4:00",
          "description": "Abu Dhabi, Muscat, Baku, Tbilisi"
        }
      },
      "email": "nadia.guttler@example.com",
      "login": {
        "uuid": "9bd01196-e642-41f7-9b85-a719d5b74594",
        "username": "ticklishcat234",
        "password": "hardball",
        "salt": "9hFyaWjS",
        "md5": "39960e3af573d33f022e0d35fe37349a",
        "sha1": "e231392d43e6283385ad55002d717d0115726f09",
        "sha256": "e5315c410bd5cd6744a7dbb80c41f3d44c433f5d08d5a3d7a01e776fa1ba5479"
      },
      "dob": {
        "date": "1968-03-14T13:19:10.445Z",
        "age": 55
      },
      "registered": {
        "date": "2008-09-16T06:04:26.265Z",
        "age": 15
      },
      "phone": "0143-3590241",
      "cell": "0179-9983224",
      "id": {
        "name": "SVNR",
        "value": "63 140368 G 844"
      },
      "picture": {
        "large": "https://randomuser.me/api/portraits/women/39.jpg",
        "medium": "https://randomuser.me/api/portraits/med/women/39.jpg",
        "thumbnail": "https://randomuser.me/api/portraits/thumb/women/39.jpg"
      },
      "nat": "DE"
    },
    {
      "gender": "male",
      "name": {
        "title": "Mr",
        "first": "Jackson",
        "last": "Diaz"
      },
      "location": {
        "street": {
          "number": 3565,
          "name": "Wycliff Ave"
        },
        "city": "Bathurst",
        "state": "Western Australia",
        "country": "Australia",
        "postcode": 6546,
        "coordinates": {
          "latitude": "56.5463",
          "longitude": "138.7710"
        },
        "timezone": {
          "offset": "+2:00",
          "description": "Kaliningrad, South Africa"
        }
      },
      "email": "jackson.diaz@example.com",
      "login": {
        "uuid": "2a7fc801-6b20-44f9-9359-b55aa1cbb991",
        "username": "angrymouse619",
        "password": "tech",
        "salt": "cBWYuph0",
        "md5": "b98d682f848ced87df8aee075a2873a5",
        "sha1": "d315fc3acf1ffa7ea2721b64b3f9086a824c9d90",
        "sha256": "b90c1a182a161ad710200ebd3bd831df04f19ab807c10590f6ab8113fe497399"
      },
      "dob": {
        "date": "1957-09-09T21:44:35.959Z",
        "age": 66
      },
      "registered": {
        "date": "2017-01-22T13:19:06.686Z",
        "age": 7
      },
      "phone": "05-1989-9287",
      "cell": "0440-050-326",
      "id": {
        "name": "TFN",
        "value": "028645493"
      },
      "picture": {
        "large": "https://randomuser.me/api/portraits/men/37.jpg",
        "medium": "https://randomuser.me/api/portraits/med/men/37.jpg",
        "thumbnail": "https://randomuser.me/api/portraits/thumb/men/37.jpg"
      },
      "nat": "AU"
    },
    {
      "gender": "male",
      "name": {
        "title": "Mr",
        "first": "Topias",
        "last": "Manni"
      },
      "location": {
        "street": {
          "number": 3064,
          "name": "Tahmelantie"
        },
        "city": "Kesälahti",
        "state": "Kymenlaakso",
        "country": "Finland",
        "postcode": 26194,
        "coordinates": {
          "latitude": "21.0032",
          "longitude": "168.8675"
        },
        "timezone": {
          "offset": "+11:00",
          "description": "Magadan, Solomon Islands, New Caledonia"
        }
      },
      "email": "topias.manni@example.com",
      "login": {
        "uuid": "00e4baf0-d406-4762-a43f-129aa057f6cc",
        "username": "orangebear638",
        "password": "floyd",
        "salt": "vTJQD8ro",
        "md5": "2e369dfcf84a03737a90c00411dd7d25",
        "sha1": "dc53db2416a9a99783d142e0f27287dd71530e5a",
        "sha256": "ff3591ca9087309a72b651e47151d823c2841042689f5981442f9d516fa84183"
      },
      "dob": {
        "date": "1982-02-17T21:32:46.849Z",
        "age": 42
      },
      "registered": {
        "date": "2020-08-28T12:31:22.349Z",
        "age": 3
      },
      "phone": "04-553-340",
      "cell": "046-308-82-72",
      "id": {
        "name": "HETU",
        "value": "NaNNA393undefined"
      },
      "picture": {
        "large": "https://randomuser.me/api/portraits/men/89.jpg",
        "medium": "https://randomuser.me/api/portraits/med/men/89.jpg",
        "thumbnail": "https://randomuser.me/api/portraits/thumb/men/89.jpg"
      },
      "nat": "FI"
    },
    {
      "gender": "female",
      "name": {
        "title": "Miss",
        "first": "Gina",
        "last": "Owens"
      },
      "location": {
        "street": {
          "number": 8373,
          "name": "Royal Ln"
        },
        "city": "Seymour",
        "state": "Nevada",
        "country": "United States",
        "postcode": 32479,
        "coordinates": {
          "latitude": "-17.2027",
          "longitude": "-17.4511"
        },
        "timezone": {
          "offset": "+9:00",
          "description": "Tokyo, Seoul, Osaka, Sapporo, Yakutsk"
        }
      },
      "email": "gina.owens@example.com",
      "login": {
        "uuid": "7b366ba8-47d2-446e-b407-370445b06292",
        "username": "orangeostrich963",
        "password": "brandy1",
        "salt": "UVU6i0SU",
        "md5": "31863b2c90fe22d6c4cf3d24c0f80385",
        "sha1": "f20a9353f41eb204f7ff9fc22232ea2034446522",
        "sha256": "45a959a2ced5c986deadeda1e3ff2f2fef296375fc4034a47c947b1b719b4bca"
      },
      "dob": {
        "date": "1992-06-13T20:37:35.084Z",
        "age": 31
      },
      "registered": {
        "date": "2010-10-09T22:37:08.376Z",
        "age": 13
      },
      "phone": "(679) 418-0452",
      "cell": "(572) 776-1685",
      "id": {
        "name": "SSN",
        "value": "352-26-1810"
      },
      "picture": {
        "large": "https://randomuser.me/api/portraits/women/7.jpg",
        "medium": "https://randomuser.me/api/portraits/med/women/7.jpg",
        "thumbnail": "https://randomuser.me/api/portraits/thumb/women/7.jpg"
      },
      "nat": "US"
    },
    {
      "gender": "male",
      "name": {
        "title": "Mr",
        "first": "Miguel",
        "last": "Martinez"
      },
      "location": {
        "street": {
          "number": 1964,
          "name": "George Street"
        },
        "city": "Wicklow",
        "state": "Cork",
        "country": "Ireland",
        "postcode": 45201,
        "coordinates": {
          "latitude": "-47.9181",
          "longitude": "171.5166"
        },
        "timezone": {
          "offset": "+9:00",
          "description": "Tokyo, Seoul, Osaka, Sapporo, Yakutsk"
        }
      },
      "email": "miguel.martinez@example.com",
      "login": {
        "uuid": "b429d50e-3f28-460c-ab6d-2265616558f0",
        "username": "crazypanda540",
        "password": "wrestler",
        "salt": "Lpa9dHPL",
        "md5": "77246deb2327cf321cdd5eb6f50e7927",
        "sha1": "758597f3299b4021aad5a5306b1b1dd60203b194",
        "sha256": "533e4ef5bc5394a73966d20099c40d3c9c7da79dcf899f32616be21cb615ff59"
      },
      "dob": {
        "date": "1987-04-04T23:45:53.518Z",
        "age": 36
      },
      "registered": {
        "date": "2006-02-22T19:05:10.352Z",
        "age": 17
      },
      "phone": "061-446-2705",
      "cell": "081-971-1504",
      "id": {
        "name": "PPS",
        "value": "9920506T"
      },
      "picture": {
        "large": "https://randomuser.me/api/portraits/men/87.jpg",
        "medium": "https://randomuser.me/api/portraits/med/men/87.jpg",
        "thumbnail": "https://randomuser.me/api/portraits/thumb/men/87.jpg"
      },
      "nat": "IE"
    },
    {
      "gender": "female",
      "name": {
        "title": "Ms",
        "first": "Paula",
        "last": "Pérez"
      },
      "location": {
        "street": {
          "number": 497,
          "name": "Calle de La Luna"
        },
        "city": "Torrente",
        "state": "Aragón",
        "country": "Spain",
        "postcode": 76402,
        "coordinates": {
          "latitude": "-44.6114",
          "longitude": "-28.0457"
        },
        "timezone": {
          "offset": "-3:00",
          "description": "Brazil, Buenos Aires, Georgetown"
        }
      },
      "email": "paula.perez@example.com",
      "login": {
        "uuid": "2eefd434-7bb7-4027-b85f-1e507cc531fe",
        "username": "bigpeacock324",
        "password": "joung",
        "salt": "c9YlloAC",
        "md5": "b4f2688a710290bc8402c6ff47ffb326",
        "sha1": "f1d3000a6998dce4c5804d26132646f7b5c562c0",
        "sha256": "5122175dd10ac6111509152c028888d1104aa4138d6e8e36e933311f8f2495c3"
      },
      "dob": {
        "date": "1965-08-17T04:23:35.461Z",
        "age": 58
      },
      "registered": {
        "date": "2013-09-09T11:57:01.876Z",
        "age": 10
      },
      "phone": "975-163-673",
      "cell": "644-934-183",
      "id": {
        "name": "DNI",
        "value": "28204357-L"
      },
      "picture": {
        "large": "https://randomuser.me/api/portraits/women/22.jpg",
        "medium": "https://randomuser.me/api/portraits/med/women/22.jpg",
        "thumbnail": "https://randomuser.me/api/portraits/thumb/women/22.jpg"
      },
      "nat": "ES"
    },
    {
      "gender": "male",
      "name": {
        "title": "Mr",
        "first": "Ridwan",
        "last": "Tveiten"
      },
      "location": {
        "street": {
          "number": 9761,
          "name": "Jeppes vei"
        },
        "city": "Hasvik",
        "state": "Finnmark - Finnmárku",
        "country": "Norway",
        "postcode": "0774",
        "coordinates": {
          "latitude": "-88.0094",
          "longitude": "45.9377"
        },
        "timezone": {
          "offset": "-1:00",
          "description": "Azores, Cape Verde Islands"
        }
      },
      "email": "ridwan.tveiten@example.com",
      "login": {
        "uuid": "93b692ed-ef3d-4c71-9905-3a03da697f5a",
        "username": "whitepanda990",
        "password": "bluebell",
        "salt": "9pNTdspk",
        "md5": "6b8bbd73c839544ecc82a83ed71b8c22",
        "sha1": "a12df7a4f8171126d2060a4abbdfb8c7eb08673e",
        "sha256": "596375ee64ef9d7682a77fea933253653a596554268e87a892e01b8f150c6ef0"
      },
      "dob": {
        "date": "2001-05-15T02:40:49.033Z",
        "age": 22
      },
      "registered": {
        "date": "2013-05-28T02:10:50.811Z",
        "age": 10
      },
      "phone": "78613406",
      "cell": "46524402",
      "id": {
        "name": "FN",
        "value": "15050157544"
      },
      "picture": {
        "large": "https://randomuser.me/api/portraits/men/13.jpg",
        "medium": "https://randomuser.me/api/portraits/med/men/13.jpg",
        "thumbnail": "https://randomuser.me/api/portraits/thumb/men/13.jpg"
      },
      "nat": "NO"
    },
    {
      "gender": "female",
      "name": {
        "title": "Miss",
        "first": "Emma",
        "last": "Ma"
      },
      "location": {
        "street": {
          "number": 8442,
          "name": "Dundas Rd"
        },
        "city": "Cochrane",
        "state": "Northwest Territories",
        "country": "Canada",
        "postcode": "A7P 7O5",
        "coordinates": {
          "latitude": "-25.2809",
          "longitude": "-75.5187"
        },
        "timezone": {
          "offset": "+3:30",
          "description": "Tehran"
        }
      },
      "email": "emma.ma@example.com",
      "login": {
        "uuid": "e9f4d432-5b9a-47f4-b580-9aee4896670b",
        "username": "greenswan725",
        "password": "chrono",
        "salt": "kr4ZxtUt",
        "md5": "1914f6a7340daf70f3611b8990e32389",
        "sha1": "edce82de1787ee841a5483ea1d37029db11eae06",
        "sha256": "50f55503e6d124b4def857828715445d537acd7c399de6a14fd63992a4c3052a"
      },
      "dob": {
        "date": "1978-06-30T14:29:42.077Z",
        "age": 45
      },
      "registered": {
        "date": "2014-11-25T10:13:32.895Z",
        "age": 9
      },
      "phone": "I46 H99-3084",
      "cell": "Z93 X77-6066",
      "id": {
        "name": "SIN",
        "value": "751272253"
      },
      "picture": {
        "large": "https://randomuser.me/api/portraits/women/84.jpg",
        "medium": "https://randomuser.me/api/portraits/med/women/84.jpg",
        "thumbnail": "https://randomuser.me/api/portraits/thumb/women/84.jpg"
      },
      "nat": "CA"
    },
    {
      "gender": "female",
      "name": {
        "title": "Ms",
        "first": "Sarah",
        "last": "Lo"
      },
      "location": {
        "street": {
          "number": 6095,
          "name": "Dalhousie Ave"
        },
        "city": "Greenwood",
        "state": "Alberta",
        "country": "Canada",
        "postcode": "P8P 2F0",
        "coordinates": {
          "latitude": "-33.3975",
          "longitude": "-162.0686"
        },
        "timezone": {
          "offset": "-5:00",
          "description": "Eastern Time (US & Canada), Bogota, Lima"
        }
      },
      "email": "sarah.lo@example.com",
      "login": {
        "uuid": "ed4b45f3-fa5a-44ed-bd83-bcbe2fbb28af",
        "username": "crazyleopard695",
        "password": "wifes",
        "salt": "Ykqp5E03",
        "md5": "82e44467721cd34d0ec0e47984289ff2",
        "sha1": "39d7ef5d28a152da999c1f09f4776ea3f63e3f9c",
        "sha256": "fcb6980c621efa6541b3b3d63c25fb93b47157859978b8cd079db9e1e0fba682"
      },
      "dob": {
        "date": "1995-11-06T00:42:10.209Z",
        "age": 28
      },
      "registered": {
        "date": "2009-01-14T16:33:40.593Z",
        "age": 15
      },
      "phone": "X27 J41-8371",
      "cell": "T30 C68-9406",
      "id": {
        "name": "SIN",
        "value": "419799127"
      },
      "picture": {
        "large": "https://randomuser.me/api/portraits/women/53.jpg",
        "medium": "https://randomuser.me/api/portraits/med/women/53.jpg",
        "thumbnail": "https://randomuser.me/api/portraits/thumb/women/53.jpg"
      },
      "nat": "CA"
    },
    {
      "gender": "male",
      "name": {
        "title": "Mr",
        "first": "Frederik",
        "last": "Christensen"
      },
      "location": {
        "street": {
          "number": 3534,
          "name": "Mosevej"
        },
        "city": "Brondby",
        "state": "Hovedstaden",
        "country": "Denmark",
        "postcode": 98274,
        "coordinates": {
          "latitude": "61.5974",
          "longitude": "-27.3412"
        },
        "timezone": {
          "offset": "-10:00",
          "description": "Hawaii"
        }
      },
      "email": "frederik.christensen@example.com",
      "login": {
        "uuid": "19be42e1-7836-4b4b-b92a-c85833a1c218",
        "username": "yellowzebra732",
        "password": "dalshe",
        "salt": "9Tef6hMS",
        "md5": "0f32b221e7a5bd971e0467933b1e51e3",
        "sha1": "5a3e1a0bd570e0099bab625dd48066ec9656ffc6",
        "sha256": "a352ca09ec3f2fb29e78c5916028993ee8cec9b1daea82f51db392158383646c"
      },
      "dob": {
        "date": "1946-05-14T08:08:44.067Z",
        "age": 77
      },
      "registered": {
        "date": "2015-04-07T17:36:49.429Z",
        "age": 8
      },
      "phone": "90072461",
      "cell": "71004170",
      "id": {
        "name": "CPR",
        "value": "140546-5753"
      },
      "picture": {
        "large": "https://randomuser.me/api/portraits/men/73.jpg",
        "medium": "https://randomuser.me/api/portraits/med/men/73.jpg",
        "thumbnail": "https://randomuser.me/api/portraits/thumb/men/73.jpg"
      },
      "nat": "DK"
    },
    {
      "gender": "female",
      "name": {
        "title": "Mrs",
        "first": "Molly",
        "last": "Taylor"
      },
      "location": {
        "street": {
          "number": 2152,
          "name": "Northcote Road"
        },
        "city": "Porirua",
        "state": "Taranaki",
        "country": "New Zealand",
        "postcode": 77589,
        "coordinates": {
          "latitude": "-81.2908",
          "longitude": "75.2510"
        },
        "timezone": {
          "offset": "+9:00",
          "description": "Tokyo, Seoul, Osaka, Sapporo, Yakutsk"
        }
      },
      "email": "molly.taylor@example.com",
      "login": {
        "uuid": "9e33f169-30f0-48a9-b4b7-c3dd76a3c18e",
        "username": "happybird175",
        "password": "fullmoon",
        "salt": "uVncx0fL",
        "md5": "248ded052522e614f44c817a4ac13542",
        "sha1": "a2b330bd0fbb97d79ac5ecf099af4eeb426e0cfb",
        "sha256": "2ae98a7dd723300ca848c70081cc78cefdd1342ac1259d6725cc539a099f5036"
      },
      "dob": {
        "date": "1957-01-07T18:36:41.446Z",
        "age": 67
      },
      "registered": {
        "date": "2010-11-18T07:50:53.749Z",
        "age": 13
      },
      "phone": "(069)-950-7939",
      "cell": "(485)-759-4364",
      "id": {
        "name": "",
        "value": null
      },
      "picture": {
        "large": "https://randomuser.me/api/portraits/women/27.jpg",
        "medium": "https://randomuser.me/api/portraits/med/women/27.jpg",
        "thumbnail": "https://randomuser.me/api/portraits/thumb/women/27.jpg"
      },
      "nat": "NZ"
    },
    {
      "gender": "male",
      "name": {
        "title": "Mr",
        "first": "Enver",
        "last": "Cramer"
      },
      "location": {
        "street": {
          "number": 635,
          "name": "Parkstraße"
        },
        "city": "Schwerte",
        "state": "Mecklenburg-Vorpommern",
        "country": "Germany",
        "postcode": 61068,
        "coordinates": {
          "latitude": "52.7434",
          "longitude": "-125.3030"
        },
        "timezone": {
          "offset": "+4:30",
          "description": "Kabul"
        }
      },
      "email": "enver.cramer@example.com",
      "login": {
        "uuid": "2917ee40-90a4-4dcb-b508-e1b0fd233677",
        "username": "saddog685",
        "password": "gonzales",
        "salt": "k1YJyZMC",
        "md5": "d9bac1ad859202d53a4d8870d7f64309",
        "sha1": "cfd17766469e54ef9a46a081cde0c5ff28b52458",
        "sha256": "5257c28136a4fc1ec05bd5df0b8a561ec2a377175e5b1aa22afa1b0c48300264"
      },
      "dob": {
        "date": "1986-05-05T18:41:02.157Z",
        "age": 37
      },
      "registered": {
        "date": "2019-06-21T04:02:08.299Z",
        "age": 4
      },
      "phone": "0289-8680509",
      "cell": "0179-5389279",
      "id": {
        "name": "SVNR",
        "value": "02 050586 C 106"
      },
      "picture": {
        "large": "https://randomuser.me/api/portraits/men/44.jpg",
        "medium": "https://randomuser.me/api/portraits/med/men/44.jpg",
        "thumbnail": "https://randomuser.me/api/portraits/thumb/men/44.jpg"
      },
      "nat": "DE"
    }
  ],
  "info": {
    "seed": "dd1a8e0329f6044b",
    "results": 20,
    "page": 1,
    "version": "1.4"
  }
}